<?xml version="1.0" encoding="UTF-8"?>
<!DOCTYPE suite SYSTEM "http://testng.org/testng-1.0.dtd">
<suite name="Suite">
  <test name="Test Portal">
  <parameter name = "browser" value="chrome"/>
  <parameter name = "url" value="https://qaejdportal.com"/>
  <parameter name = "userID" value="qtip"/>
  <parameter name = "passworD" value="Portal1!"/>
  <parameter name = "storeNum" value="24944"/>
  <parameter name = "potext" value="Test6"/>
  <parameter name = "deliverydate" value="11/22/2017"/>
    <classes>
      <class name="com.portal.tests.TestOne"/>
    </classes>
  </test> <!-- Test -->
</suite> <!-- Suite -->
