<?xml version="1.0" encoding="UTF-8"?>
<!DOCTYPE suite SYSTEM "http://testng.org/testng-1.0.dtd">
<suite name="Suite" thread-count="1" verbose="1" parallel="false">
	<test name="zrepTest">
		<classes>
			<class name="testcases.ZREPOrder"></class>
		</classes>
	</test>
	<test name="zsoaTest">
		<classes>
			<class name="testcases.ZSOAorder"></class>
		</classes>
	</test>
	<test name="zbulTest">
		<classes>
			<class name="testcases.ZBULOrder"></class>
		</classes>
	</test>
</suite> <!-- Suite -->
